Study_Hours,Sleep_Hours,Screen_Time,Stress_Level,Physical_Activity,Assignment_Load,Attendance,CGPA,Age,Gender,Burnout
7,3,3,Low,High,Medium,63,7.19,19,Female,Moderate
4,9,2,Low,Low,High,64,9.89,24,Male,Moderate
8,6,8,Low,Medium,Low,92,9.04,21,Male,Low
5,5,5,Medium,Medium,High,82,8.69,19,Female,Moderate
7,6,1,Medium,High,Low,80,7.69,25,Female,Low
10,6,3,Medium,Medium,High,84,9.2,18,Male,Moderate
3,6,10,High,Low,Medium,66,6.7,18,Female,High
7,6,8,Low,High,Medium,77,8.54,23,Female,Low
8,7,4,High,High,Medium,68,9.97,22,Male,Moderate
5,7,7,Medium,Low,High,95,6.57,21,Female,Moderate
4,9,10,High,High,Low,72,8.37,24,Male,Low
8,4,2,Low,Medium,Low,81,9.22,23,Male,Low
8,3,7,Low,Medium,Medium,89,9.58,18,Female,Moderate
3,6,5,Medium,Low,Medium,62,8.59,21,Male,Moderate
6,9,5,Medium,Medium,Medium,69,6.42,21,Male,Low
5,4,6,High,Low,Medium,84,6.63,22,Male,Moderate
2,3,9,Medium,Low,Low,54,5.1,25,Female,High
8,8,6,Medium,Medium,High,58,8.8,21,Female,Moderate
6,5,8,Low,Low,High,78,5.21,19,Female,Moderate
2,7,7,Medium,Medium,High,55,9.32,21,Male,Moderate
5,8,9,Medium,High,High,74,5.59,22,Male,Moderate
1,3,4,Low,High,Medium,80,5.86,23,Female,Low
10,8,2,Low,Low,Medium,71,7.38,22,Female,Moderate
6,5,7,High,Medium,Medium,51,8.69,24,Male,Moderate
9,9,6,Medium,Medium,High,94,5.7,22,Female,Moderate
1,3,1,Low,High,Medium,54,7.2,18,Female,Low
10,8,9,High,High,Medium,76,7.41,19,Female,Moderate
3,7,9,High,Medium,Low,74,6.06,25,Female,Moderate
7,7,2,Medium,Low,Low,57,5.58,18,Female,Moderate
4,4,3,Medium,High,Medium,50,9.18,23,Male,Moderate
9,8,5,High,Low,Low,69,7.51,20,Female,Moderate
3,6,5,Low,Low,Low,93,5.07,23,Female,Low
5,8,1,High,High,Medium,72,9.01,19,Male,Low
3,9,8,Medium,Low,Medium,81,9.9,21,Male,Moderate
7,3,8,Low,Low,Medium,60,8.03,22,Male,Moderate
5,3,4,Low,Medium,Medium,88,7.52,20,Male,Low
9,9,7,High,Low,High,96,9.39,19,Female,High
7,8,10,Medium,Medium,High,73,9.76,18,Female,Moderate
2,9,3,High,High,Medium,60,8.77,22,Female,Low
4,5,6,High,High,Low,78,7.23,23,Female,Low
9,9,10,High,Medium,Medium,75,7.96,18,Male,Moderate
2,7,10,Low,High,Medium,65,8.5,19,Male,Low
10,9,9,Low,Low,Low,84,5.97,19,Female,Moderate
9,3,1,Medium,Low,High,69,7.24,23,Female,High
10,7,5,Medium,Low,Medium,95,9.15,20,Female,Moderate
5,3,4,High,High,Medium,52,8.27,23,Female,Moderate
2,4,8,High,Low,High,50,7.06,21,Male,High
4,6,1,High,High,High,96,8.32,18,Female,Moderate
7,3,9,Medium,Low,Low,50,5.59,20,Male,High
8,7,6,Low,Medium,High,66,7.01,22,Male,Moderate
3,4,4,Low,High,High,51,8.97,24,Male,Moderate
1,3,9,High,High,High,78,6.1,21,Male,Moderate
4,5,5,High,Low,Low,69,5.93,20,Female,Moderate
2,9,5,High,High,High,55,9.75,24,Female,Moderate
8,6,5,High,High,High,57,6.05,24,Female,Moderate
4,3,1,Medium,Medium,Low,78,6.3,18,Female,Low
2,4,1,Low,Medium,High,97,9.85,19,Male,Moderate
6,5,8,High,Low,High,100,8.67,22,Male,Moderate
6,8,8,Medium,Medium,Low,82,8.5,23,Male,Low
10,4,6,High,Low,Medium,52,9.26,18,Female,High
4,9,4,High,Low,Low,84,5.58,21,Male,Moderate
6,4,2,Low,Low,High,54,8.53,25,Male,Moderate
2,5,2,High,High,High,76,7.52,24,Male,Moderate
10,4,9,Low,Medium,High,93,9.15,21,Male,High
2,5,5,Low,Low,Low,61,7.54,24,Female,Low
10,3,4,Low,Medium,High,69,8.1,19,Male,Moderate
4,5,10,Medium,Low,High,94,7.39,25,Male,Moderate
8,5,1,Medium,Medium,Low,69,7.39,19,Female,Moderate
7,6,7,Low,Medium,Medium,58,8.84,22,Female,Moderate
9,5,3,High,Low,Medium,88,8.14,23,Female,Moderate
8,5,6,Low,High,High,53,8.17,22,Male,Moderate
5,8,5,High,Medium,Low,100,7.25,19,Male,Low
2,3,5,Low,High,High,68,7.66,19,Male,Moderate
5,9,5,High,High,Low,87,8.73,21,Male,Low
8,6,1,Medium,Low,Low,76,9.13,19,Female,Moderate
10,8,1,High,Low,Medium,94,8.48,25,Male,Moderate
9,7,3,Low,Low,Medium,92,9.62,25,Male,Moderate
9,3,10,Medium,Medium,Low,62,9.1,20,Female,High
1,3,4,High,Low,High,62,7.81,24,Female,High
9,7,5,High,Low,Medium,71,8.36,18,Female,Moderate
7,9,2,High,Medium,High,77,9.63,19,Male,Moderate
9,5,8,High,Medium,Medium,96,8.1,22,Male,Moderate
8,8,2,High,Low,Medium,94,9.12,23,Male,Moderate
1,4,9,Medium,Low,High,71,8.44,24,Male,High
8,6,2,Medium,Low,Medium,92,7.76,24,Male,Moderate
8,4,9,Medium,Low,Medium,68,6.21,23,Female,High
3,7,7,Medium,High,High,57,7.13,23,Female,Moderate
1,3,8,Low,High,Medium,57,9.84,24,Male,Moderate
8,9,2,Medium,Low,Medium,91,8.29,20,Male,Moderate
3,3,7,High,High,Medium,75,7.82,22,Male,Moderate
3,6,6,High,Medium,High,97,9.66,20,Male,Moderate
1,3,4,Medium,High,Low,100,7.93,19,Male,Low
5,3,7,High,High,High,75,7.63,18,Female,Moderate
10,6,4,Medium,Low,Low,72,8.8,23,Female,Moderate
7,8,2,High,High,Medium,92,8.56,25,Female,Low
10,8,10,Low,High,Low,62,5.97,22,Male,Moderate
9,6,7,Low,High,High,77,7.36,23,Male,Moderate
7,9,8,Medium,High,High,58,7.36,20,Female,Moderate
9,7,2,Medium,Medium,Medium,69,6.89,21,Female,Moderate
8,3,5,Medium,Low,Low,68,7.59,19,Male,Moderate
2,9,1,High,Low,Medium,97,7.07,18,Female,Moderate
1,3,7,Medium,Medium,Medium,88,6.0,19,Female,Moderate
7,7,8,Low,High,High,100,7.06,21,Male,Low
7,8,6,High,Medium,Low,61,5.36,18,Female,Moderate
8,9,5,Medium,High,Low,64,7.88,21,Female,Low
5,5,6,High,Medium,Low,80,9.27,19,Female,Low
3,5,2,High,Low,Low,63,8.63,20,Male,Moderate
8,5,1,Medium,Low,Medium,60,6.8,24,Female,Moderate
6,8,7,High,Low,Medium,75,5.44,19,Female,Moderate
3,8,7,Low,High,High,91,6.01,19,Female,Low
1,7,10,Low,High,Medium,76,7.73,19,Male,Low
3,3,10,High,Medium,Medium,60,6.04,22,Male,High
5,7,2,Medium,Medium,High,87,7.72,21,Female,Low
3,7,2,High,Low,High,83,6.16,25,Male,Moderate
1,8,1,Low,High,High,92,9.24,21,Female,Low
5,5,10,High,Medium,Medium,68,6.99,23,Male,Moderate
10,4,8,High,High,Medium,55,6.23,21,Male,High
7,3,8,Low,High,High,95,9.06,23,Female,Moderate
7,8,1,High,Low,High,87,6.71,22,Female,Moderate
9,5,8,High,Low,High,98,5.56,20,Female,High
10,9,9,Medium,High,Medium,91,7.85,23,Male,Moderate
10,4,4,Medium,High,Medium,77,7.91,19,Female,Moderate
3,4,1,Low,High,Low,50,8.57,20,Male,Low
7,8,1,Low,High,Medium,84,6.2,24,Male,Low
1,6,3,Low,Low,Medium,89,7.22,22,Female,Low
4,3,5,Medium,Medium,Medium,57,6.41,21,Male,Moderate
4,4,5,Low,Low,High,96,5.4,23,Female,Moderate
5,8,9,Low,Medium,Medium,56,9.38,25,Male,Moderate
7,8,10,Low,High,High,60,8.64,19,Female,Moderate
7,5,2,Medium,Medium,Low,88,6.51,18,Male,Low
4,9,2,High,Low,Low,53,8.0,24,Male,Moderate
7,6,6,Low,Low,High,74,6.01,18,Female,Moderate
3,3,9,High,High,High,61,9.45,20,Male,High
6,7,1,Low,Low,High,75,5.57,21,Female,Moderate
2,9,9,High,High,Medium,87,5.02,25,Male,Moderate
10,9,9,Medium,Low,Low,95,7.51,18,Male,Moderate
9,5,9,Medium,Low,High,61,7.92,20,Male,High
5,4,5,Low,High,Medium,92,7.89,22,Female,Low
6,4,9,High,Medium,Low,100,5.27,20,Female,Moderate
4,5,4,Medium,Low,Medium,86,6.57,24,Female,Moderate
10,8,2,Low,Medium,Low,95,7.5,25,Female,Low
7,4,6,Low,Low,Medium,73,6.08,25,Female,Moderate
9,6,4,Medium,Low,Low,65,9.36,20,Male,Moderate
7,3,6,Medium,Low,Low,62,5.44,24,Male,Moderate
1,9,3,Low,Low,Medium,74,7.44,20,Female,Low
1,9,6,High,Medium,High,53,8.46,25,Male,Moderate
9,6,2,High,Medium,Low,60,6.31,25,Male,Moderate
9,4,2,High,Low,High,81,8.12,19,Male,High
4,9,9,Low,Low,Medium,98,9.15,20,Male,Moderate
9,7,7,Medium,Medium,High,56,5.95,23,Female,High
3,3,3,Low,High,High,95,9.59,20,Male,Low
7,3,1,Medium,High,High,60,7.77,25,Female,Moderate
6,9,8,High,Medium,High,77,6.5,19,Female,Moderate
8,5,6,High,Low,High,90,7.15,19,Male,Moderate
9,9,7,Medium,Low,Low,72,6.56,22,Female,Moderate
5,5,9,Medium,High,Low,94,8.63,24,Male,Low
1,9,5,Low,High,Low,72,8.98,21,Male,Low
3,7,1,High,Medium,Medium,99,9.16,18,Male,Low
10,8,10,Low,High,High,77,9.93,18,Female,Moderate
8,3,7,Low,Medium,Low,92,8.96,20,Female,Moderate
6,9,5,Low,High,Medium,96,8.01,22,Female,Low
8,7,3,High,High,Low,75,6.7,20,Male,Low
9,5,9,Low,High,Low,74,7.72,18,Male,Moderate
4,5,1,Low,Low,High,78,5.21,24,Male,Moderate
1,3,1,Low,Low,Medium,68,8.72,25,Female,Moderate
1,6,1,Low,Low,High,82,7.23,24,Male,Moderate
10,9,3,Low,High,High,85,5.1,24,Male,Moderate
4,4,6,Low,Medium,Low,63,5.31,19,Female,Moderate
7,5,10,High,Medium,High,63,6.94,25,Female,High
2,8,3,Low,Medium,Medium,84,7.92,21,Female,Low
3,8,8,Medium,Medium,High,79,7.32,25,Male,Moderate
1,5,10,Low,Low,High,77,8.1,22,Male,Moderate
5,6,2,Low,Low,High,66,7.4,19,Male,Moderate
1,6,9,High,High,Low,52,8.31,21,Female,Moderate
8,7,3,High,High,Medium,65,6.1,22,Female,Moderate
1,8,5,Medium,Medium,Low,95,5.56,22,Female,Low
1,7,10,Medium,Low,Low,79,7.98,18,Female,Moderate
2,8,8,High,Medium,Low,78,7.42,19,Male,Low
2,9,2,High,High,Low,94,5.13,22,Male,Low
6,9,6,Low,High,Low,64,6.9,23,Male,Low
7,4,5,High,Medium,Medium,95,5.53,24,Male,Moderate
5,9,10,Medium,High,High,74,7.66,22,Male,Moderate
1,4,9,Low,Medium,Low,100,6.98,21,Male,Moderate
1,9,5,Medium,Low,Low,87,8.07,18,Male,Low
3,3,2,Low,Medium,Medium,91,9.03,20,Male,Low
2,9,5,High,Low,Medium,96,6.5,24,Female,Moderate
5,7,4,Medium,Low,High,87,9.81,18,Female,Moderate
10,5,7,Low,High,Medium,72,7.68,20,Male,Moderate
6,7,6,Low,High,High,74,8.09,19,Female,Low
7,5,2,High,High,Low,91,8.4,19,Male,Low
4,6,5,High,Medium,Low,56,8.33,22,Male,Moderate
7,7,7,High,Medium,High,71,7.55,23,Female,Moderate
8,6,7,Medium,High,Medium,66,7.14,19,Male,Moderate
1,4,5,Low,Medium,High,67,5.27,25,Male,Moderate
6,4,9,High,High,Medium,98,5.11,22,Male,Moderate
8,3,4,Medium,Medium,Low,90,6.79,24,Male,Moderate
5,9,3,Medium,Low,Medium,59,6.67,18,Male,Moderate
4,7,4,Medium,Low,High,59,6.94,19,Male,Moderate
2,6,5,High,High,High,56,5.69,25,Male,Moderate
6,5,6,High,Medium,Low,97,8.69,18,Female,Low
6,4,3,Low,Medium,Medium,99,9.28,18,Female,Low
1,9,2,Low,Low,Medium,87,9.69,23,Male,Low
9,4,4,High,Low,Medium,76,7.46,19,Female,High
6,5,5,Medium,High,Low,82,8.5,18,Male,Low
3,9,4,Medium,Low,Medium,50,9.28,23,Male,Moderate
4,9,3,Medium,High,High,93,7.09,23,Male,Low
4,6,8,Low,Low,Medium,83,6.55,19,Male,Moderate
3,6,10,Medium,Low,Low,53,9.68,23,Female,Moderate
10,7,4,Low,Medium,Medium,66,7.58,19,Female,Moderate
3,7,2,Low,Low,Medium,53,7.49,25,Female,Low
3,8,2,Medium,Low,High,92,5.89,19,Female,Moderate
4,8,1,Medium,High,Medium,75,5.54,20,Male,Low
7,3,4,High,Low,High,53,9.21,18,Female,High
4,4,10,High,High,High,50,8.07,25,Male,High
9,7,9,Medium,Low,Low,56,6.63,21,Male,Moderate
1,6,7,Low,Low,High,79,5.96,19,Female,Moderate
8,5,10,Low,High,High,99,7.78,18,Male,Moderate
7,6,7,Low,Medium,Low,58,7.92,24,Female,Moderate
2,4,7,Low,High,High,84,6.03,23,Female,Moderate
8,8,8,Low,High,Low,57,9.26,22,Female,Low
1,6,1,High,High,Medium,73,5.42,19,Female,Moderate
9,3,10,Medium,Medium,Low,68,6.78,23,Female,High
9,4,10,High,Low,High,85,8.4,23,Male,High
2,8,8,Low,High,Low,99,6.37,23,Female,Low
7,5,4,Low,High,High,92,9.14,23,Female,Low
10,8,4,Low,Medium,Medium,76,8.7,23,Male,Low
3,9,4,Low,High,Low,81,8.95,19,Female,Low
7,3,6,Medium,Low,Medium,63,5.6,24,Female,High
10,4,7,Low,Medium,High,67,5.7,21,Male,High
9,5,6,Medium,Low,High,77,6.43,20,Male,Moderate
4,3,1,Low,Low,Medium,78,7.59,23,Female,Moderate
1,8,8,Medium,Medium,Low,65,8.74,23,Male,Low
2,3,10,High,High,Low,84,9.18,20,Female,Moderate
1,4,7,Low,Low,High,96,8.52,24,Male,Moderate
5,7,6,Medium,Low,Medium,80,9.64,25,Female,Low
5,3,6,High,Low,Medium,53,8.69,24,Female,Moderate
7,9,5,Low,Low,Low,86,6.53,25,Female,Low
9,3,6,Low,Medium,Low,66,6.33,19,Male,Moderate
9,8,9,Low,Medium,Low,88,8.48,18,Female,Moderate
3,8,10,Medium,Low,Medium,97,5.96,22,Male,Moderate
3,5,9,Medium,High,Low,95,5.46,22,Female,Moderate
3,8,10,High,Low,Low,75,7.66,18,Female,Moderate
4,6,8,Medium,High,High,97,9.11,19,Female,Moderate
8,4,10,Medium,Low,Low,88,5.51,22,Female,High
6,4,9,Low,High,Low,90,8.96,24,Female,Low
8,7,10,Low,Low,Medium,53,9.06,20,Male,Moderate
1,7,8,Low,High,Medium,79,7.41,18,Male,Low
8,4,8,Low,Low,High,79,5.29,24,Male,High
4,9,1,Low,Low,Low,71,5.87,21,Female,Low
1,7,10,Low,High,High,60,8.54,19,Female,Moderate
8,5,5,Low,Medium,Medium,51,8.56,18,Male,Moderate
4,8,4,High,High,High,93,9.49,22,Female,Low
6,4,2,High,Medium,Medium,61,7.91,19,Female,Moderate
8,7,8,High,Low,High,79,5.62,20,Female,High
4,4,3,High,High,High,85,5.61,19,Male,Moderate
3,6,4,Low,High,Low,67,8.61,19,Male,Low
9,3,7,High,High,High,75,5.92,20,Male,High
3,8,10,Low,Medium,Low,56,6.64,23,Male,Low
9,4,9,High,Medium,Low,50,7.44,20,Male,High
2,3,2,Medium,Low,Low,75,5.12,24,Female,Moderate
2,7,3,High,Medium,Low,72,6.24,19,Female,Low
2,3,4,High,Medium,High,75,7.04,25,Female,Moderate
6,8,10,Low,Low,Medium,94,6.4,20,Female,Moderate
3,4,1,High,High,Medium,55,5.68,23,Male,Moderate
9,6,7,Medium,High,Medium,55,8.64,24,Male,Moderate
4,9,2,Low,Low,High,93,9.07,25,Female,Low
1,7,5,Low,High,Low,57,6.29,25,Male,Low
4,4,1,High,Medium,Medium,73,8.87,18,Female,Moderate
1,8,3,Low,Low,High,71,6.93,20,Female,Low
5,7,2,Low,Low,Low,68,7.53,20,Female,Low
4,5,1,Low,Low,Medium,86,9.28,19,Female,Low
8,3,7,Low,High,Low,67,8.75,24,Male,Moderate
8,9,5,Low,Low,Medium,80,9.03,18,Female,Low
7,8,1,Low,Low,Medium,86,5.68,21,Male,Moderate
3,5,6,Medium,Low,Medium,79,5.35,21,Female,Moderate
1,4,5,High,High,Low,91,9.47,22,Female,Low
1,6,3,Medium,Medium,High,82,6.94,20,Female,Moderate
3,7,7,Low,Low,Low,59,6.44,20,Female,Low
6,3,10,Low,Medium,Medium,86,8.62,18,Male,Moderate
7,7,9,High,High,Low,61,9.18,23,Female,Moderate
6,9,9,Medium,High,High,79,9.31,21,Male,Moderate
6,4,9,High,High,Low,76,6.58,22,Female,Moderate
6,7,2,Medium,High,High,88,9.26,18,Female,Low
3,3,3,Low,Medium,High,58,5.2,20,Female,Moderate
6,4,7,High,Low,Low,70,5.25,21,Male,Moderate
8,7,5,High,High,Medium,61,8.12,24,Female,Moderate
2,6,2,Low,High,High,78,5.32,22,Female,Low
5,8,3,High,Medium,Low,82,6.62,19,Female,Low
1,4,10,Medium,Medium,High,92,8.36,21,Female,Moderate
1,8,6,Medium,High,Medium,64,6.69,22,Female,Low
5,4,7,Medium,Low,Low,51,5.9,18,Male,Moderate
3,6,9,Medium,Low,Low,88,6.41,19,Male,Moderate
4,8,1,Low,High,Low,93,7.29,22,Female,Low
3,5,7,High,Medium,Medium,67,7.38,22,Female,Moderate
1,3,8,Medium,High,High,52,8.92,25,Male,Moderate
1,5,3,Low,High,Low,56,8.75,25,Female,Low
5,7,4,High,Medium,High,92,7.28,25,Male,Moderate
6,6,10,High,High,High,67,9.23,20,Female,Moderate
3,5,6,Low,High,Medium,93,5.57,23,Female,Low
9,4,10,Low,High,Low,87,6.28,21,Male,Moderate
5,7,7,Medium,Medium,High,86,9.14,20,Female,Moderate
8,7,4,High,Low,Low,82,6.89,24,Male,Moderate
1,5,8,High,Low,Low,93,9.91,19,Male,Moderate
5,5,5,Low,Medium,Medium,80,7.33,23,Male,Low
3,6,1,High,Low,Low,60,8.96,22,Female,Moderate
1,3,4,Medium,High,Low,53,7.01,20,Male,Low
4,5,3,High,Low,High,67,7.12,25,Male,Moderate
5,9,9,Low,High,Medium,53,6.91,23,Female,Low
7,5,8,Low,Low,Low,98,8.6,24,Female,Moderate
1,8,1,Medium,Medium,High,83,7.74,21,Female,Low
3,4,6,Medium,Low,Medium,78,9.72,24,Female,Moderate
2,9,9,High,Low,Medium,73,6.25,19,Female,Moderate
9,9,7,High,Low,High,71,5.5,18,Female,High
10,8,4,Low,Medium,High,51,6.97,20,Male,Moderate
6,8,1,Medium,Low,High,93,8.08,25,Female,Moderate
10,7,2,Medium,Medium,High,55,9.3,19,Male,Moderate
3,3,5,Medium,High,High,91,6.73,18,Female,Moderate
8,4,5,High,Low,Low,74,8.27,25,Male,Moderate
8,6,8,Medium,Medium,Low,70,6.75,25,Male,Moderate
2,9,6,Low,Medium,Medium,65,8.09,25,Female,Low
6,6,8,Low,Low,Low,80,9.42,20,Female,Low
7,5,2,High,High,Low,63,6.16,19,Male,Moderate
2,5,3,High,Medium,Low,88,7.02,25,Female,Low
10,6,6,Medium,Low,High,77,9.97,24,Female,Moderate
2,5,10,High,High,Medium,81,9.34,19,Male,Moderate
10,3,3,Low,Medium,Medium,77,7.82,23,Male,Moderate
1,8,6,Medium,Medium,Medium,100,7.58,24,Male,Low
8,5,6,Low,High,Medium,98,6.42,20,Female,Low
1,7,2,Medium,High,Low,58,7.59,25,Female,Low
9,5,7,High,Low,Low,94,9.24,19,Female,Moderate
6,4,2,Medium,Low,High,71,8.43,22,Female,Moderate
7,3,6,Medium,Medium,Medium,81,6.45,20,Male,Moderate
10,4,1,Low,High,Low,54,6.01,19,Female,Moderate
7,4,3,Low,High,Low,72,6.33,23,Male,Low
10,7,2,Medium,High,High,54,5.85,25,Female,Moderate
3,3,7,High,Medium,High,91,5.48,18,Female,High
2,3,4,High,High,High,81,7.1,25,Male,Moderate
9,3,8,Low,High,Low,59,5.57,18,Female,Moderate
8,3,6,High,Medium,Low,88,5.86,22,Female,Moderate
10,3,10,Low,Low,High,64,7.74,20,Male,High
7,7,4,High,Low,Medium,56,5.82,23,Female,Moderate
9,5,5,Medium,Medium,High,78,5.32,19,Male,Moderate
4,4,9,Low,High,High,96,6.59,19,Male,Moderate
4,3,7,Low,Medium,High,52,6.1,18,Male,Moderate
1,9,10,Medium,Low,High,68,7.58,23,Male,Moderate
8,5,9,Low,Low,Low,59,5.51,24,Female,Moderate
3,5,7,High,Medium,Medium,77,8.76,22,Female,Moderate
7,4,1,High,Medium,High,78,9.53,18,Female,Moderate
2,7,8,Low,Low,Medium,64,8.72,18,Male,Moderate
2,6,4,High,Medium,Medium,84,7.66,22,Female,Moderate
7,6,3,Low,Low,Medium,55,9.3,20,Female,Moderate
6,5,7,Medium,Medium,High,61,8.47,19,Female,Moderate
3,8,3,Low,Medium,Low,96,5.05,20,Female,Low
9,8,8,Medium,Medium,High,87,6.97,23,Male,Moderate
10,4,6,High,Low,Medium,62,9.25,24,Male,High
6,6,5,Medium,Medium,Medium,78,6.73,25,Female,Low
10,5,4,High,Low,Low,68,5.18,21,Male,High
10,7,8,Low,Low,High,52,8.73,21,Female,Moderate
6,6,8,High,Medium,Medium,57,9.01,21,Female,Moderate
1,5,1,Low,Medium,Low,57,5.8,22,Female,Low
4,5,9,Low,Low,Medium,69,7.69,18,Male,Moderate
10,3,5,Medium,Low,Low,96,5.96,24,Female,Moderate
6,7,4,Medium,High,Low,53,8.6,20,Male,Low
6,3,6,Medium,Low,High,100,6.36,25,Male,Moderate
5,4,6,Medium,High,Medium,70,6.58,19,Female,Low
1,3,2,High,High,High,52,9.22,21,Male,Moderate
8,9,8,High,High,Medium,94,7.38,20,Male,Moderate
5,3,7,High,Medium,High,57,8.35,21,Female,High
5,9,1,Low,Medium,Medium,72,7.01,24,Male,Low
7,6,5,High,Low,High,65,6.49,21,Male,High
4,8,6,High,High,Low,62,8.13,19,Female,Low
6,5,4,High,Medium,Medium,52,5.77,25,Female,Moderate
4,9,2,Medium,Medium,Medium,97,6.86,23,Male,Low
3,7,4,High,Medium,Low,58,6.05,23,Female,Low
7,3,1,Low,Medium,High,63,8.48,24,Female,Moderate
8,9,7,Medium,Medium,Medium,62,9.72,23,Male,Moderate
4,7,2,Low,High,Medium,56,9.98,22,Male,Low
2,8,2,High,High,High,64,7.25,18,Female,Moderate
10,8,9,Medium,High,Low,56,6.26,22,Male,Moderate
3,3,5,Low,High,High,87,7.21,20,Female,Low
1,4,2,High,Low,High,83,9.24,22,Female,Moderate
8,3,9,Low,High,High,90,6.03,20,Male,Moderate
3,6,9,Low,Medium,Medium,71,9.76,20,Male,Moderate
10,9,1,Low,High,Low,73,6.71,18,Female,Low
7,5,3,High,Low,Low,98,9.93,19,Female,Moderate
10,4,4,High,Medium,High,86,9.19,25,Female,High
5,3,7,Low,High,Medium,93,9.04,24,Female,Low
10,7,10,Medium,High,High,50,6.59,18,Male,Moderate
5,4,4,Medium,High,Medium,59,5.04,24,Female,Moderate
7,9,2,High,Medium,Medium,92,6.91,23,Male,Moderate
9,4,7,High,Medium,Medium,65,6.51,23,Male,High
5,9,6,High,Low,Medium,95,5.19,22,Female,Moderate
1,3,3,High,Medium,Low,57,7.53,20,Male,Moderate
10,9,6,High,Medium,Medium,98,7.02,21,Male,Moderate
10,4,6,Medium,High,Medium,74,8.17,21,Female,Moderate
1,7,5,High,Medium,High,99,8.11,24,Male,Moderate
2,8,4,Low,High,High,61,5.6,20,Male,Low
6,4,10,Low,High,Low,74,9.88,24,Female,Low
9,9,1,Medium,Medium,High,66,5.93,18,Female,Moderate
8,8,10,Low,Low,Medium,75,7.23,19,Female,Moderate
5,9,6,Medium,Low,High,95,7.44,25,Female,Moderate
1,7,2,Medium,Medium,Low,97,9.07,18,Female,Low
7,9,3,Low,Low,High,63,5.5,20,Female,Moderate
5,3,8,High,High,High,90,7.14,20,Female,Moderate
6,5,10,Low,High,Low,85,8.14,19,Male,Low
7,4,6,Low,Medium,Low,72,6.08,24,Male,Low
3,5,3,Medium,Low,Medium,92,8.14,22,Female,Moderate
10,9,7,Low,Low,High,55,9.62,22,Male,Moderate
3,7,4,Medium,High,Medium,96,9.99,19,Male,Low
5,4,9,High,Medium,High,54,5.16,22,Female,High
6,9,5,High,Low,High,92,6.18,21,Male,Moderate
9,8,3,High,Medium,Medium,74,6.55,22,Female,Moderate
5,6,2,Low,Low,High,67,7.0,22,Male,Moderate
1,9,2,Medium,High,High,62,6.21,22,Female,Low
4,5,3,High,High,High,92,6.02,21,Male,Moderate
5,4,2,Medium,Medium,Low,63,9.77,24,Male,Moderate
10,5,4,Medium,High,Medium,77,9.59,22,Male,Moderate
10,4,2,High,Low,Low,67,5.23,23,Female,High
5,9,10,High,High,Medium,77,6.69,21,Male,Moderate
7,3,9,Medium,Medium,Medium,100,7.03,19,Male,Moderate
4,8,2,High,Medium,High,76,6.2,18,Female,Moderate
1,9,9,Medium,Medium,Medium,81,8.14,19,Female,Moderate
5,5,6,Medium,Low,Low,96,8.2,18,Male,Low
7,6,1,High,Low,Low,58,9.25,25,Male,Moderate
10,6,4,Low,Low,Low,89,8.7,19,Male,Moderate
10,7,1,High,Low,Medium,81,7.71,23,Male,Moderate
6,4,6,Low,Low,Low,69,8.27,18,Female,Moderate
5,5,4,Medium,High,Medium,77,6.37,18,Male,Low
4,7,3,Medium,Low,Low,82,7.97,20,Male,Low
2,5,3,Low,Low,Low,53,7.45,18,Female,Low
4,4,9,Medium,High,Medium,95,5.67,18,Male,Moderate
10,9,6,Low,Low,Low,83,6.21,20,Male,Low
10,9,9,Low,Medium,High,97,6.46,22,Male,Moderate
3,6,5,Medium,Low,Medium,52,9.62,22,Female,Moderate
10,9,2,Low,Low,Medium,75,6.15,20,Female,Moderate
1,9,8,High,Medium,Medium,57,6.45,21,Male,Moderate
8,3,5,High,Medium,High,55,6.85,25,Male,High
5,6,2,Medium,Medium,Medium,65,8.32,18,Female,Moderate
4,7,4,Medium,Medium,Low,73,5.59,18,Male,Low
8,8,9,Low,Low,Low,97,9.77,20,Male,Moderate
7,3,4,Low,Medium,Low,88,9.33,20,Female,Low
2,7,4,Low,Medium,Medium,79,7.89,21,Female,Low
1,4,2,Low,High,Low,94,8.37,23,Female,Low
4,3,6,High,Medium,Medium,62,5.08,22,Male,Moderate
8,7,2,High,Medium,Low,54,6.69,19,Male,Moderate
2,4,7,Medium,High,High,74,8.98,23,Male,Moderate
3,6,3,Low,High,High,69,5.39,24,Male,Moderate
1,8,3,Low,Low,High,67,6.41,22,Female,Moderate
1,4,5,Medium,High,High,96,7.93,18,Male,Moderate
3,9,3,Low,Low,Medium,67,6.28,24,Male,Low
5,5,2,Low,High,Low,51,9.67,23,Female,Low
3,4,10,Low,High,High,59,5.66,20,Female,Moderate
1,4,9,Low,Low,Medium,94,8.99,21,Male,Moderate
1,8,2,Low,High,High,99,7.54,22,Female,Low
8,5,2,Medium,Low,High,96,8.75,21,Female,Moderate
10,9,8,Low,High,Medium,61,6.55,24,Male,Moderate
2,7,9,Medium,Medium,Medium,96,7.57,22,Male,Moderate
3,7,7,Low,High,Low,62,9.28,25,Male,Low
2,4,3,High,Low,Low,99,7.33,25,Male,Moderate
3,5,9,High,High,High,96,6.8,23,Female,Moderate
7,5,3,High,Low,High,60,7.68,18,Female,High
1,9,5,High,Low,Low,68,8.59,25,Male,Moderate
10,8,9,Medium,Medium,Low,84,7.22,25,Male,Moderate
8,6,3,Medium,Medium,Medium,88,9.69,19,Female,Moderate
10,7,7,Low,Low,Low,75,6.47,21,Male,Moderate
10,8,1,High,High,Low,95,7.38,21,Male,Low
10,3,4,Medium,Low,High,63,8.78,25,Male,High
2,7,4,Low,Low,Low,94,8.45,19,Male,Low
3,8,7,Low,High,High,93,9.32,21,Female,Low
9,7,8,Medium,High,Low,73,9.98,21,Male,Low
7,6,1,High,High,Medium,90,7.13,22,Female,Moderate
4,3,5,Low,High,Low,50,5.56,22,Male,Low
10,6,7,High,Low,Low,100,5.15,19,Male,High
5,9,4,High,Low,Low,92,8.63,24,Female,Low
2,3,4,High,Medium,High,71,9.37,18,Male,Moderate
8,4,4,Low,Low,Medium,72,6.1,23,Female,Moderate
4,8,6,High,High,Low,68,5.79,25,Male,Low
9,3,7,Low,Medium,High,67,5.31,25,Male,High
5,9,2,High,High,Medium,61,9.11,23,Male,Low
9,9,5,Low,Low,High,77,6.56,25,Male,Moderate
4,6,4,High,Medium,High,77,7.01,25,Male,Moderate
10,7,3,Medium,High,Medium,82,7.51,24,Female,Low
5,3,7,High,Medium,Low,68,9.2,21,Female,Moderate
9,8,6,High,Medium,High,77,8.25,18,Male,Moderate
8,3,7,Low,Low,High,98,8.08,25,Male,Moderate
3,5,5,Low,High,Low,86,5.88,19,Female,Low
1,7,6,High,Medium,Low,75,7.57,24,Female,Low
3,8,5,Medium,Medium,Medium,84,8.58,25,Male,Low
4,8,7,Medium,High,Medium,83,9.87,19,Male,Low
2,4,2,Low,Medium,Medium,84,6.01,22,Female,Low
1,6,5,Medium,Medium,Low,89,5.05,21,Male,Low
7,4,6,High,Medium,High,65,5.38,20,Female,High
8,8,6,Low,High,High,87,6.88,25,Male,Low
7,7,5,High,High,Medium,62,9.1,19,Female,Moderate
5,3,10,Low,High,Low,72,5.04,24,Female,Moderate
1,3,7,Low,High,High,71,7.28,21,Male,Moderate
7,7,10,Low,Low,Medium,65,6.65,18,Female,Moderate
7,8,8,Low,Medium,High,77,5.26,24,Male,Moderate
9,9,7,Medium,High,High,97,7.25,22,Male,Moderate
3,3,5,High,Medium,Low,84,6.27,23,Male,Moderate
9,9,1,High,Medium,Low,94,6.76,25,Male,Moderate
1,3,5,High,Low,High,95,8.53,18,Female,Moderate
1,3,10,Low,High,Medium,57,7.61,19,Male,Moderate
4,6,2,Medium,High,Low,93,5.62,25,Male,Low
9,6,5,High,Medium,High,71,9.81,19,Male,Moderate
6,5,5,Medium,High,Low,70,8.18,18,Male,Low
3,4,2,Low,Medium,Low,75,8.83,19,Female,Low
1,7,5,High,Medium,Low,89,5.4,24,Male,Low
4,7,4,Medium,Low,High,70,5.24,21,Female,Moderate
9,7,1,Low,Low,Medium,74,5.1,19,Female,Moderate
3,5,3,Medium,Low,Medium,90,5.94,22,Female,Moderate
9,6,1,High,Medium,Medium,50,7.07,21,Male,Moderate
7,8,5,High,High,Low,55,9.68,24,Male,Low
4,9,4,Low,Low,High,72,7.29,25,Male,Low
3,9,7,Low,High,Low,100,6.45,20,Male,Low
10,8,5,Low,Low,Medium,72,7.81,25,Female,Moderate
5,5,10,Medium,Low,Medium,92,5.56,19,Female,Moderate
5,8,4,Medium,Medium,High,92,8.05,19,Male,Low
3,7,2,Medium,Low,Low,72,7.84,22,Male,Low
9,4,4,Low,Low,Medium,81,8.96,24,Male,Moderate
4,3,2,High,Medium,High,79,9.93,22,Male,Moderate
5,9,8,High,High,Low,62,6.25,23,Male,Low
4,6,3,Medium,Low,Low,92,7.55,24,Male,Low
5,6,9,Medium,Medium,Medium,67,9.54,18,Male,Moderate
7,5,4,High,Low,Medium,72,8.93,18,Female,Moderate
9,6,6,High,Medium,Low,64,7.44,18,Female,Moderate
7,7,10,Medium,High,Low,82,9.73,22,Female,Low
5,9,5,Medium,High,Medium,70,5.29,18,Female,Low
10,8,10,High,Medium,Low,88,9.65,24,Male,Moderate
10,7,1,Low,Medium,Medium,72,5.25,18,Male,Moderate
7,5,9,Medium,Medium,Low,76,7.74,20,Male,Moderate
10,7,1,High,High,Medium,94,9.45,18,Male,Moderate
5,8,8,High,Low,High,93,6.31,19,Male,Moderate
3,4,9,High,High,Medium,67,7.36,23,Female,Moderate
7,5,9,High,Medium,Medium,73,6.62,22,Male,Moderate
2,4,1,Low,Medium,High,100,9.76,21,Female,Moderate
9,3,2,High,High,Low,96,9.12,23,Male,Moderate
10,4,1,Medium,Medium,High,89,8.55,20,Female,Moderate
10,3,10,Low,High,Medium,100,7.94,22,Male,Moderate
1,3,2,High,Medium,Low,91,9.1,24,Female,Moderate
6,4,10,Low,Low,High,56,6.96,25,Male,High
7,5,8,Medium,Low,Low,99,7.24,22,Male,Moderate
8,8,5,High,Medium,Low,97,8.65,19,Male,Low
10,7,7,Medium,High,High,69,6.79,24,Male,Moderate
9,7,2,High,Low,Low,76,5.32,23,Female,Moderate
2,8,8,High,High,High,55,5.37,23,Male,Moderate
10,9,6,High,Medium,Medium,76,5.58,18,Female,Moderate
2,9,8,High,High,Low,58,9.35,24,Male,Low
5,3,1,High,Low,Medium,94,7.36,25,Female,Moderate
5,3,1,Low,High,Medium,80,8.56,19,Male,Low
6,5,7,High,High,Low,70,6.96,18,Male,Low
3,6,8,High,Medium,High,75,6.29,18,Female,Moderate
8,4,3,Low,Medium,Low,89,6.74,25,Male,Low
1,3,5,Low,Medium,Medium,97,8.97,22,Male,Low
6,7,1,Low,Low,Medium,94,8.13,23,Female,Low
4,5,7,Low,Low,High,62,9.69,18,Male,Moderate
1,4,5,Low,Medium,Low,98,8.4,20,Female,Low
7,5,8,Low,Medium,Medium,72,7.85,20,Male,Moderate
9,4,8,High,Low,Medium,69,8.05,23,Female,High
4,4,9,High,Low,Medium,86,9.71,20,Female,High
4,8,7,Medium,Low,High,77,8.94,25,Female,Moderate
6,3,1,High,Low,Medium,66,5.12,22,Female,High
3,5,3,High,Medium,Medium,77,7.67,19,Male,Moderate
6,5,8,Low,Low,Low,90,8.44,21,Male,Low
7,8,3,Low,Medium,Low,51,8.74,18,Female,Low
10,7,8,High,High,Medium,74,6.07,21,Male,Moderate
10,7,1,Medium,High,Medium,99,9.34,19,Male,Low
3,9,5,Low,Low,Low,90,9.78,19,Male,Low
7,3,4,High,High,High,55,6.18,25,Female,Moderate
3,3,5,High,High,High,60,9.41,22,Male,Moderate
2,6,8,Medium,High,High,87,5.48,20,Male,Moderate
10,8,10,Medium,Low,High,55,5.28,20,Female,High
4,7,4,Low,Low,High,94,5.65,25,Male,Moderate
8,4,4,Medium,High,High,60,5.29,19,Female,Moderate
9,5,3,High,Medium,High,63,9.23,22,Female,High
7,3,7,High,High,High,51,5.3,22,Female,High
1,5,3,Medium,Low,Low,89,6.36,23,Male,Low
3,5,3,Medium,Low,High,52,5.52,24,Male,Moderate
9,6,10,Medium,Low,High,84,6.48,18,Female,High
1,7,5,Medium,High,High,82,5.45,25,Female,Low
9,3,5,Low,Medium,Medium,73,8.34,24,Female,Moderate
8,5,6,Medium,Low,Low,68,5.67,25,Female,Moderate
1,3,8,Low,Low,Low,67,9.26,20,Female,Moderate
6,4,10,High,High,Low,98,9.09,19,Female,Moderate
5,6,6,Medium,Medium,High,73,5.07,25,Male,Moderate
6,4,1,Low,High,High,94,9.48,25,Female,Low
10,3,8,Medium,Low,Medium,84,5.14,23,Female,High
5,9,8,High,Medium,Low,50,6.2,21,Female,Moderate
6,3,9,High,Medium,High,85,5.16,20,Male,High
5,7,9,High,Low,Low,74,6.68,18,Male,Moderate
5,5,2,Medium,Medium,Medium,94,7.57,22,Male,Low
4,5,2,Medium,Medium,Medium,98,8.98,19,Male,Low
3,4,3,Low,High,Medium,92,6.69,20,Female,Low
3,6,1,High,Low,Low,83,8.53,21,Male,Moderate
4,9,4,Medium,Low,High,74,5.94,25,Female,Moderate
9,8,4,High,Low,High,65,8.75,18,Female,High
2,5,9,High,Low,Medium,83,6.18,25,Female,Moderate
9,7,9,Low,Low,High,78,5.72,18,Female,High
1,4,9,Low,Medium,Medium,68,5.93,23,Female,Moderate
1,4,10,Low,High,Low,72,5.91,25,Female,Moderate
5,8,7,Low,Low,Medium,68,7.56,20,Male,Moderate
6,7,2,High,High,Low,74,9.22,21,Male,Low
6,6,10,Low,High,Medium,65,5.4,18,Male,Moderate
3,7,5,Low,Medium,High,100,8.53,19,Male,Low
7,6,4,Low,Low,High,58,8.27,18,Male,Moderate
9,7,8,Low,Medium,Medium,50,9.36,21,Female,Moderate
10,7,2,High,Low,High,91,6.22,22,Male,Moderate
8,3,6,Low,Medium,High,68,7.25,22,Male,Moderate
6,4,5,High,High,High,82,9.63,23,Male,Moderate
8,7,2,Medium,Low,Low,83,8.3,20,Female,Low
5,8,10,High,High,High,65,6.94,21,Female,Moderate
8,7,1,High,High,Low,93,5.66,23,Female,Low
10,5,8,Low,Medium,Medium,89,6.31,24,Male,Moderate
4,4,2,Medium,Low,High,67,7.91,18,Male,Moderate
10,5,7,Medium,High,High,83,8.59,24,Male,Moderate
8,4,9,Medium,Medium,High,74,5.62,18,Male,High
10,5,9,Medium,Low,Medium,94,8.0,22,Male,High
2,7,8,High,Low,Low,55,7.75,23,Female,Moderate
5,7,10,Medium,High,Low,70,7.57,22,Male,Low
9,3,9,High,Low,High,55,8.45,19,Female,High
4,8,2,High,High,Medium,81,9.19,24,Male,Low
6,5,6,High,Low,Medium,90,6.61,24,Female,Moderate
1,6,4,Medium,Medium,Medium,97,9.45,22,Female,Low
9,3,4,Low,High,Medium,92,5.8,19,Female,Moderate
1,5,5,Low,High,Medium,88,5.87,18,Female,Low
5,5,3,Medium,Low,Low,80,6.33,23,Male,Low
4,3,1,Low,Low,Low,91,5.6,19,Male,Moderate
3,7,8,Low,High,Low,59,6.15,23,Male,Low
6,5,5,High,Low,High,79,5.53,24,Female,Moderate
2,7,3,High,Medium,Medium,67,9.11,23,Male,Moderate
3,3,10,Medium,Low,High,73,5.69,24,Male,High
5,7,7,Medium,Medium,Medium,58,8.74,19,Male,Moderate
9,4,7,Low,Medium,Low,80,5.24,24,Male,Moderate
2,6,1,High,Medium,High,64,9.74,25,Female,Moderate
10,9,9,Medium,Medium,Low,53,8.56,20,Female,Moderate
8,5,2,Medium,Medium,Medium,89,5.03,24,Male,Moderate
2,8,5,Medium,Low,Medium,58,8.82,22,Male,Moderate
5,6,5,Medium,Medium,Medium,94,7.57,19,Male,Low
7,9,8,Medium,Low,Low,58,8.9,25,Female,Moderate
8,7,8,Medium,Medium,Medium,75,7.61,18,Female,Moderate
1,5,7,Low,High,Low,53,8.21,23,Female,Low
6,7,7,High,Medium,High,66,8.93,25,Male,Moderate
1,4,6,High,High,Medium,65,7.03,21,Female,Moderate
2,3,6,Medium,Medium,Medium,64,5.01,25,Female,Moderate
1,5,9,High,Medium,Medium,84,9.25,19,Female,Moderate
5,9,6,High,Medium,High,54,6.9,25,Female,Moderate
10,9,2,High,High,Medium,54,7.48,25,Female,Moderate
9,4,2,Medium,High,Low,69,5.04,22,Male,Moderate
6,4,5,Medium,Medium,Low,64,7.46,24,Male,Moderate
1,5,4,High,Low,Medium,67,9.93,23,Male,Moderate
1,7,2,High,Medium,Medium,96,6.39,20,Male,Low
2,8,3,Medium,High,High,51,6.98,18,Female,Low
9,9,7,Low,Medium,High,78,8.44,20,Male,Moderate
3,9,8,High,High,High,62,9.07,25,Male,Moderate
1,4,6,Low,High,Medium,53,7.09,21,Male,Low
5,6,5,High,High,High,91,6.55,19,Female,Moderate
7,4,1,Low,Medium,High,94,9.69,23,Male,Moderate
6,8,8,Low,High,Low,59,8.39,19,Female,Low
1,7,3,Low,High,High,80,5.6,22,Female,Low
5,7,6,Medium,Medium,Low,90,5.34,19,Female,Low
5,6,3,Low,High,Low,57,7.42,18,Male,Low
6,9,7,Low,Medium,High,52,6.1,21,Female,Moderate
3,4,7,Low,High,Low,97,6.27,20,Male,Low
5,7,9,High,Low,Medium,95,9.39,25,Male,Moderate
7,8,5,Low,Low,Medium,58,5.45,25,Male,Moderate
5,5,8,High,High,High,79,8.58,21,Female,Moderate
5,3,10,Low,Low,Medium,60,6.36,23,Female,Moderate
5,3,10,Low,Medium,Low,84,8.8,19,Male,Moderate
10,3,8,Medium,Low,Medium,86,8.61,23,Female,High
10,9,1,High,High,High,91,5.04,20,Female,Moderate
3,4,5,Low,High,High,62,7.55,23,Female,Moderate
1,6,3,High,Medium,Low,85,5.7,22,Male,Moderate
5,7,1,High,High,High,62,9.33,21,Female,Moderate
9,5,4,Medium,Medium,Medium,61,9.36,20,Female,Moderate
1,8,8,Medium,Low,High,86,7.09,20,Male,Moderate
3,5,3,Medium,Low,Low,59,7.22,24,Female,Moderate
4,8,10,Medium,Medium,High,58,6.52,20,Male,Moderate
1,9,2,Medium,Medium,Medium,56,8.58,24,Female,Low
1,4,9,Medium,High,Low,51,6.79,18,Female,Moderate
8,3,10,Medium,Low,Medium,72,6.34,25,Female,High
2,4,5,Medium,Medium,Low,88,7.16,24,Female,Low
8,9,7,Low,Low,High,89,5.46,21,Female,Moderate
7,6,2,High,Medium,Low,88,8.73,23,Female,Moderate
10,6,9,Medium,Low,Low,70,5.06,24,Male,High
10,9,9,Medium,High,High,72,8.22,20,Female,Moderate
2,8,4,High,Low,Medium,78,5.91,21,Female,Moderate
6,7,4,Low,Low,High,63,6.16,24,Female,Moderate
6,7,6,High,Low,Low,75,8.18,24,Male,Low
3,8,10,High,Low,High,100,9.96,20,Male,Moderate
2,6,10,Medium,Low,Low,54,8.89,22,Male,Moderate
1,6,10,High,High,High,80,6.13,22,Female,Moderate
6,6,6,High,Medium,High,74,5.88,24,Female,Moderate
5,4,1,Medium,Low,Medium,80,9.33,22,Male,Moderate
9,6,9,Medium,High,Low,99,7.22,19,Male,Moderate
1,5,2,Medium,Low,Medium,69,5.69,20,Male,Moderate
7,3,5,Medium,Low,Low,93,9.31,19,Female,Moderate
5,6,9,High,Medium,High,66,9.08,21,Male,High
5,8,4,High,Low,Low,94,9.92,19,Female,Low
2,3,3,Low,High,Medium,51,9.55,21,Female,Low
3,4,7,Low,High,Medium,74,9.26,24,Female,Low
7,8,6,High,Medium,Medium,62,5.26,21,Male,Moderate
6,3,8,Low,Low,Low,88,5.52,21,Female,Moderate
2,8,3,High,High,Medium,77,7.84,23,Male,Low
6,4,5,Low,Low,Medium,91,7.66,19,Male,Moderate
2,5,10,Medium,Low,Medium,55,7.29,23,Male,Moderate
2,4,4,Low,Low,High,52,6.98,24,Male,Moderate
2,4,4,Medium,Medium,High,84,7.16,20,Female,Moderate
3,8,4,Medium,Low,Low,67,7.85,19,Female,Low
2,9,10,Medium,High,Low,60,5.01,20,Female,Moderate
4,7,8,Medium,Low,Medium,69,6.3,20,Female,Moderate
9,6,6,Low,High,High,54,7.59,21,Male,Moderate
6,6,3,High,Low,Medium,68,8.61,25,Male,Moderate
1,5,10,Medium,High,Medium,71,5.87,19,Male,Moderate
8,5,5,Low,High,High,68,7.73,20,Male,Moderate
7,6,6,Medium,Low,High,96,8.57,25,Female,Moderate
10,7,5,Low,Low,High,65,7.22,22,Male,Moderate
3,6,6,Low,High,Low,73,5.14,20,Female,Low
1,9,8,Low,Medium,Low,90,7.25,22,Male,Low
5,7,7,High,Low,Medium,53,6.48,19,Male,Moderate
4,5,5,Low,Medium,Low,64,9.65,24,Male,Low
10,3,10,Low,Low,High,74,5.62,23,Male,High
8,8,6,High,Low,High,93,8.26,19,Female,Moderate
1,9,4,High,Low,Low,84,5.26,23,Female,Moderate
10,9,9,Low,Low,Medium,63,7.23,23,Female,Moderate
1,5,4,High,Medium,Medium,98,7.77,19,Female,Moderate
4,5,1,Medium,Low,Low,68,6.49,20,Male,Moderate
8,4,7,Medium,High,Medium,87,7.28,18,Male,Moderate
5,9,7,High,High,Medium,85,5.82,20,Female,Moderate
2,4,4,High,Medium,Medium,56,6.52,20,Female,Moderate
6,4,3,Low,Low,High,79,8.11,24,Male,Moderate
5,8,8,High,High,High,68,6.51,21,Male,Moderate
2,4,5,Low,Medium,Low,98,9.5,21,Female,Low
3,7,10,Medium,Low,High,74,8.14,20,Female,Moderate
9,6,7,High,High,Medium,65,7.19,22,Female,Moderate
7,3,4,Low,High,High,96,5.19,24,Male,Moderate
7,5,4,Low,Medium,Low,89,7.5,23,Female,Low
6,7,8,Medium,Low,High,100,8.82,25,Female,Moderate
8,3,8,High,Low,Medium,57,6.33,21,Female,High
4,9,2,Medium,High,Medium,67,9.03,20,Female,Low
8,9,2,Low,High,Low,77,6.26,24,Female,Low
4,9,3,Low,High,High,65,9.12,18,Male,Low
8,7,3,High,Low,High,68,5.43,22,Female,High
9,7,1,Low,Medium,High,91,9.33,19,Male,Moderate
3,5,3,High,Medium,Medium,66,7.5,20,Female,Moderate
3,6,6,Medium,Low,Low,94,6.48,24,Female,Low
2,4,8,High,Medium,High,62,6.33,20,Female,High
10,9,10,High,High,Medium,56,7.16,25,Male,Moderate
3,8,6,Low,Medium,Medium,76,10.0,23,Male,Low
3,6,5,Low,Medium,Medium,59,6.1,22,Male,Low
5,8,4,High,Medium,High,83,5.52,21,Female,Moderate
5,5,3,Low,High,High,85,7.93,21,Female,Low
2,5,4,Low,Low,High,74,7.44,21,Male,Moderate
10,5,7,Low,High,High,55,7.62,25,Male,Moderate
6,3,1,High,Low,High,73,8.33,19,Female,Moderate
5,8,7,Low,Low,High,67,6.34,24,Male,Moderate
6,6,1,High,Low,High,72,9.55,22,Female,Moderate
1,6,2,Low,Medium,High,55,7.18,22,Male,Moderate
5,7,4,Medium,Medium,High,78,5.65,21,Male,Moderate
9,7,1,Low,Low,Medium,74,8.71,21,Male,Moderate
10,9,9,Low,Low,High,66,8.22,23,Female,High
2,7,6,High,Medium,Low,95,6.58,25,Female,Low
1,5,1,High,High,Medium,73,8.11,18,Male,Low
10,6,1,Low,Low,High,60,6.1,18,Female,Moderate
9,8,6,Medium,High,Low,75,7.22,20,Female,Low
10,5,4,Low,Medium,High,100,9.5,20,Female,Moderate
9,3,4,Low,Low,Low,83,5.67,22,Female,Moderate
9,7,6,Medium,High,Low,77,6.93,22,Male,Low
6,5,7,High,High,Low,52,9.11,19,Female,Moderate
8,5,9,Low,High,Low,60,9.85,19,Female,Moderate
1,3,10,High,Medium,Medium,87,7.27,18,Male,Moderate
10,4,5,High,Medium,Medium,63,7.53,25,Female,High
4,6,9,Medium,High,Low,100,7.86,20,Female,Low
1,8,4,Medium,High,High,75,9.66,18,Female,Low
8,9,10,High,Medium,Low,97,9.29,25,Male,Moderate
1,4,2,Low,High,Medium,70,5.85,18,Male,Low
3,7,3,High,High,High,88,7.18,20,Female,Low
4,5,1,Low,Medium,Medium,79,7.32,24,Female,Low
8,3,6,Low,High,Medium,57,8.95,19,Male,Moderate
6,3,6,Medium,High,High,100,8.01,23,Male,Moderate
10,6,1,Low,High,Low,69,8.27,23,Male,Low
7,4,3,Low,Medium,Low,97,9.99,23,Female,Low
8,9,5,High,High,Low,81,5.37,20,Female,Low
2,6,3,Medium,Medium,Low,71,6.12,21,Male,Low
10,5,10,Low,Medium,High,56,7.04,21,Female,High
8,6,3,Low,Low,High,58,6.74,21,Female,Moderate
3,8,10,Medium,Low,High,94,5.11,22,Female,Moderate
7,3,3,High,High,Medium,50,5.46,19,Female,Moderate
3,3,5,Medium,Medium,High,78,8.4,19,Female,Moderate
7,7,5,Medium,Low,Low,57,9.4,24,Female,Moderate
2,7,4,Low,High,Medium,53,7.57,24,Female,Low
10,9,1,Low,Low,Low,84,7.7,22,Male,Low
6,5,5,High,Low,Low,52,6.28,18,Male,Moderate
3,8,10,Low,Medium,High,94,8.84,25,Male,Moderate
3,4,5,Low,Medium,High,89,8.76,24,Male,Moderate
9,6,4,Medium,Low,Low,56,7.94,23,Male,Moderate
7,9,6,Low,Low,Low,76,6.06,21,Male,Low
5,5,10,High,Medium,Medium,50,5.49,23,Male,High
10,7,4,Medium,High,High,76,5.32,21,Male,Moderate
7,6,7,High,Medium,Medium,65,7.96,23,Male,Moderate
9,7,7,Medium,Low,Medium,87,9.13,18,Female,Moderate
1,6,2,Low,High,Medium,56,9.29,25,Female,Low
7,4,3,Medium,Low,Low,93,7.32,23,Male,Moderate
6,5,1,Medium,High,Medium,72,8.92,23,Female,Low
10,6,8,Low,Low,Medium,90,9.73,20,Female,Moderate
9,8,9,Low,High,Low,60,6.38,25,Male,Moderate
1,9,4,High,High,High,91,6.99,23,Male,Low
4,3,6,High,Low,High,82,9.66,20,Male,Moderate
9,8,9,Low,High,Medium,99,6.69,19,Female,Moderate
4,8,6,Low,Medium,Low,85,9.57,25,Female,Low
10,9,9,Low,Low,High,86,9.91,22,Male,Moderate
3,3,4,Medium,Medium,Medium,90,8.31,25,Female,Moderate
9,8,8,Medium,Low,Medium,66,9.08,25,Female,Moderate
2,6,9,Medium,High,Low,84,8.75,23,Female,Low
4,6,4,Low,High,Medium,97,8.5,19,Male,Low
6,6,5,High,High,High,54,6.53,25,Female,Moderate
2,3,8,Low,Low,Low,97,5.29,24,Female,Moderate
8,8,10,Medium,Medium,High,81,6.72,24,Female,Moderate
8,3,6,Medium,Medium,High,52,8.33,20,Female,Moderate
1,6,7,Low,Low,High,96,5.51,23,Female,Moderate
3,9,3,Low,Low,Medium,84,5.06,23,Female,Low
10,8,7,Medium,Medium,Medium,63,5.7,25,Female,Moderate
9,8,8,Medium,Medium,High,97,8.58,18,Male,Moderate
5,7,10,Medium,Medium,High,80,9.86,19,Male,Moderate
6,7,6,Low,Medium,Low,80,9.92,21,Female,Low
4,4,10,Medium,Low,Low,66,7.47,21,Male,Moderate
10,5,9,Medium,Low,Medium,73,9.35,18,Female,High
2,7,6,High,High,Medium,72,8.68,20,Female,Low
8,3,9,Low,Medium,Low,67,7.51,21,Female,Moderate
6,7,4,High,High,High,99,7.86,25,Male,Low
5,4,8,High,Low,Medium,63,5.69,21,Female,High
9,8,4,Medium,Low,High,99,9.69,24,Female,Moderate
1,4,2,Low,High,Low,64,6.76,24,Male,Low
5,8,10,Medium,Medium,Medium,64,7.23,22,Male,Moderate
6,9,9,Low,Medium,Medium,55,8.36,19,Female,Moderate
5,9,5,High,Medium,Low,76,6.67,20,Male,Low
6,8,4,Low,Medium,Medium,64,6.27,23,Male,Low
6,5,2,Medium,High,Low,99,8.16,19,Female,Low
7,7,1,Medium,High,Medium,85,5.12,20,Female,Low
4,3,7,Medium,Low,Low,57,8.6,21,Female,Moderate
8,3,6,Low,Medium,Medium,64,7.57,22,Male,Moderate
7,6,2,High,Medium,High,52,8.03,19,Male,Moderate
9,8,8,High,Medium,High,96,8.16,21,Male,Moderate
7,3,4,Low,High,High,62,7.64,20,Female,Moderate
3,5,8,Medium,Medium,Medium,90,7.91,19,Male,Moderate
3,8,7,High,High,Medium,83,8.42,23,Male,Low
8,5,5,Medium,Medium,High,73,8.77,19,Female,Moderate
5,3,10,Low,Medium,High,89,8.64,21,Female,Moderate
4,3,10,Medium,Low,Low,81,9.35,25,Female,Moderate
8,6,8,High,Medium,Low,81,5.95,25,Male,Moderate
6,3,9,High,Medium,Low,79,7.01,19,Female,Moderate
2,8,5,Medium,Low,High,98,9.74,23,Male,Moderate
4,9,10,Low,High,High,62,6.98,22,Male,Moderate
4,8,5,Medium,High,High,50,5.62,22,Female,Moderate
6,8,2,Low,Medium,Low,83,7.63,25,Female,Low
6,6,5,Medium,High,Medium,64,5.55,21,Female,Moderate
1,6,3,High,Medium,High,93,6.01,20,Female,Moderate
8,3,7,Low,Low,Medium,63,9.99,21,Female,Moderate
6,4,10,Low,Low,Medium,78,7.71,22,Male,Moderate
3,4,5,Low,Medium,Medium,83,6.42,18,Male,Low
9,6,8,High,Low,Low,67,9.97,18,Male,High
2,3,1,Medium,Low,Medium,56,9.83,19,Female,Moderate
8,4,3,High,Medium,High,78,7.2,23,Male,Moderate
10,3,3,Low,Medium,Low,80,6.3,25,Female,Moderate
3,3,9,Medium,Low,High,74,9.19,24,Female,High
5,3,5,High,High,High,87,8.58,24,Male,Moderate
6,7,9,Low,High,Low,63,8.43,24,Male,Low
10,8,9,Low,Medium,High,57,9.47,19,Female,Moderate
6,3,1,High,Medium,High,76,8.45,18,Male,Moderate
4,7,2,High,High,Low,51,6.42,22,Female,Low
3,6,5,High,Low,High,66,8.47,19,Male,Moderate
4,4,4,Low,High,Medium,86,6.53,24,Male,Low
1,8,10,High,High,High,63,8.8,24,Male,Moderate
4,9,9,Low,High,Medium,74,8.1,25,Male,Low
1,4,7,High,High,High,79,5.39,21,Male,Moderate
1,8,6,Low,Medium,Low,78,7.56,24,Female,Low
10,9,7,Low,Medium,Low,69,6.72,23,Male,Moderate
6,4,1,Medium,Low,High,70,6.64,24,Male,Moderate
5,8,1,High,Low,Low,71,8.01,21,Male,Low
4,4,8,High,Low,High,84,6.61,24,Female,High
3,4,2,Low,Low,Low,86,8.88,23,Female,Low
1,9,10,Low,High,Medium,65,5.35,22,Female,Moderate
6,4,9,Low,Medium,High,99,8.3,19,Female,Moderate
2,4,7,Medium,Medium,Medium,98,9.05,23,Female,Moderate
8,9,6,Medium,Low,Medium,92,8.36,21,Male,Moderate
10,6,1,Low,Low,High,66,7.49,19,Male,Moderate
5,3,1,High,High,Medium,65,9.75,19,Male,Moderate
7,5,2,High,High,High,51,6.5,21,Female,Moderate
10,7,6,Medium,Low,Medium,53,5.1,25,Female,Moderate
2,5,6,Medium,Medium,High,70,7.16,18,Male,Moderate
8,5,2,Low,Medium,High,88,5.17,24,Female,Moderate
2,8,1,High,Medium,Low,83,9.77,23,Female,Low
4,3,10,Low,Low,High,79,6.05,21,Female,Moderate
1,8,5,Medium,Medium,High,55,8.94,22,Male,Moderate
5,3,5,High,High,Medium,66,8.87,20,Male,Moderate
9,9,2,High,High,High,88,6.09,21,Female,Moderate
1,9,6,Medium,Low,Low,74,8.11,24,Female,Low
9,3,9,Low,High,Medium,54,5.24,24,Female,High
8,4,2,Low,Low,Medium,54,7.42,19,Female,Moderate
6,6,10,High,Medium,Low,69,5.07,19,Male,Moderate
7,4,2,Medium,Medium,Medium,65,9.61,21,Female,Moderate
3,6,3,High,Medium,Medium,100,9.88,20,Male,Moderate
1,8,7,Medium,High,Medium,90,6.11,25,Male,Low
5,6,6,Low,Low,Medium,86,6.04,21,Male,Low
2,8,8,Medium,Medium,Low,89,8.77,20,Female,Low
5,9,8,Low,Low,Low,58,6.27,25,Male,Low
8,5,6,Medium,Medium,Medium,54,9.48,20,Male,Moderate
9,9,10,High,High,Medium,91,7.87,24,Female,Moderate
2,9,3,Low,High,Low,51,6.75,24,Female,Low
3,5,3,High,Low,Low,58,9.16,24,Female,Moderate
3,6,1,High,High,Low,92,7.47,22,Male,Low
1,6,7,Low,High,Medium,85,9.56,24,Female,Low
8,8,5,Low,Low,Medium,71,9.64,23,Male,Low
6,4,4,High,Medium,High,71,5.83,19,Male,Moderate
8,8,10,High,High,Low,71,5.01,19,Female,Moderate
9,4,4,High,Low,Medium,83,9.92,20,Male,High
5,9,4,High,High,Low,78,9.53,19,Male,Low
3,5,6,Low,High,Medium,87,5.28,18,Male,Low
5,9,8,Low,High,Low,95,9.17,25,Male,Low
5,3,8,High,High,Medium,82,7.29,20,Female,Moderate
5,6,5,Medium,Low,High,67,6.29,19,Male,Moderate
3,4,6,Medium,Low,High,56,9.39,18,Female,Moderate
10,8,4,Low,Low,Low,50,5.98,25,Male,Moderate
4,5,9,High,High,Medium,82,9.74,22,Male,Moderate
9,4,8,High,High,Medium,50,6.03,19,Female,High
10,8,10,Low,High,Low,73,8.07,18,Male,Low
9,6,10,Medium,Low,Medium,53,6.12,21,Male,High
2,9,1,Medium,High,Low,53,7.73,23,Male,Low
8,6,2,Medium,Medium,Medium,67,8.42,21,Male,Moderate
8,7,9,Low,High,Low,76,5.95,18,Male,Low
7,3,8,Medium,Medium,Medium,92,7.6,20,Male,Moderate
8,7,3,Low,High,Low,81,7.35,24,Female,Low
3,5,8,Low,Low,Medium,82,5.36,24,Female,Moderate
6,4,1,High,High,High,77,9.09,24,Female,Moderate
1,5,10,Medium,Medium,Medium,91,6.68,25,Male,Moderate
7,9,4,Low,Medium,Low,90,7.87,20,Male,Low
1,8,3,Medium,High,High,85,7.57,25,Male,Low
9,6,6,Medium,Medium,Medium,55,7.57,19,Female,Moderate
1,7,7,High,Medium,High,65,5.54,24,Male,Moderate
1,7,4,Medium,Low,Medium,83,7.12,21,Female,Low
7,9,7,High,High,High,72,7.26,20,Male,Moderate
2,7,9,Low,High,Low,99,8.67,20,Male,Low
5,9,2,Medium,High,Medium,91,9.2,24,Male,Low
8,5,3,Low,Medium,Medium,73,7.72,21,Female,Low
8,6,5,Medium,High,Low,98,5.43,22,Male,Low
3,4,3,Low,High,High,62,6.18,20,Female,Moderate
7,8,8,Medium,Low,Low,67,5.82,24,Male,Moderate
3,4,10,Medium,Low,Low,62,5.62,23,Male,High
6,5,8,Medium,Low,High,98,6.83,18,Female,Moderate
6,8,8,Medium,Medium,Low,86,6.15,25,Male,Low
3,7,9,Medium,High,Medium,92,6.09,19,Male,Low
7,3,4,Medium,Low,Medium,88,5.27,20,Male,Moderate
3,5,5,Medium,Low,Medium,91,5.09,23,Male,Moderate
8,5,5,Medium,Low,Low,66,5.51,23,Female,Moderate
10,6,8,Medium,High,Medium,64,5.86,20,Female,Moderate
4,4,7,Low,High,Medium,67,7.15,22,Male,Moderate
1,5,9,High,High,Medium,72,7.55,18,Male,Moderate
4,5,8,Medium,Medium,Medium,100,5.7,19,Female,Moderate
7,7,2,High,Medium,Medium,79,7.12,20,Male,Moderate
4,7,10,Medium,Low,Medium,83,6.71,25,Female,Moderate
6,8,4,Medium,High,Low,53,5.92,19,Male,Low
9,9,6,Low,Low,Medium,52,5.03,21,Female,Moderate
1,9,2,Low,High,Medium,56,7.34,23,Female,Low
5,3,7,High,High,High,67,8.43,23,Female,Moderate
7,9,3,Low,High,Low,91,6.13,20,Female,Low
1,6,3,Low,Medium,Low,56,5.66,20,Male,Low
4,3,2,High,Medium,Low,89,9.44,25,Male,Moderate
6,8,8,Low,High,Low,55,6.38,21,Female,Low
2,7,6,Medium,Low,Medium,71,6.12,22,Female,Low
10,9,1,High,High,Medium,50,9.29,20,Female,Moderate
5,4,1,High,High,High,53,9.09,23,Female,Moderate
10,7,7,Medium,Low,High,95,7.24,19,Male,Moderate
1,6,8,Low,High,Low,98,7.45,18,Female,Low
6,7,5,High,Low,High,99,6.09,24,Female,Moderate
6,6,5,High,Medium,High,92,5.39,19,Female,Moderate
4,6,4,Medium,Medium,Low,78,7.87,22,Female,Low
8,6,6,Medium,Low,Low,70,5.49,18,Female,Moderate
4,8,6,Low,Medium,High,75,7.25,19,Female,Low
8,6,3,High,Medium,Medium,63,9.7,19,Female,Moderate
8,6,9,Low,Low,High,58,9.76,21,Male,High
5,4,7,Low,Medium,High,96,6.2,24,Female,Moderate
4,3,1,Medium,High,Medium,61,8.12,25,Female,Moderate
2,5,7,High,High,Medium,91,7.37,22,Female,Moderate
3,3,5,High,Low,Low,100,9.38,23,Male,Moderate
3,6,5,High,Medium,Low,100,6.36,21,Male,Low
4,4,2,Medium,High,High,55,5.02,18,Male,Moderate
4,7,4,Medium,High,Medium,69,5.81,24,Female,Low
10,4,6,Medium,Medium,Low,73,6.75,23,Female,Moderate
5,6,10,Medium,Medium,High,76,6.58,21,Female,Moderate
4,4,7,Medium,High,Medium,87,8.96,24,Male,Moderate
10,9,5,High,High,High,57,8.4,25,Female,Moderate
8,4,9,Low,Low,Low,50,6.5,22,Male,Moderate
6,6,3,High,Low,Low,98,7.29,20,Male,Moderate
6,8,1,Low,High,Medium,98,5.48,25,Male,Low
8,9,4,Medium,Low,High,73,9.49,20,Male,Moderate
7,4,9,Low,High,Medium,96,9.68,18,Male,Moderate
10,5,4,High,High,Low,56,9.9,20,Female,Moderate
10,5,2,High,Low,Low,68,9.34,21,Female,Moderate
8,4,10,Low,Low,High,71,5.87,18,Male,High
2,8,5,Medium,Medium,High,84,5.23,23,Female,Moderate
9,7,3,Medium,Medium,High,79,7.9,25,Female,Moderate
